rank,content_id,content_type,source_id,source_title,user_id,user_name,content_preview,content_text,created_at,like_count,parent_content_id,root_content_id
1,bilibili_comment:274643018097,comment,bilibili_video:115198320972353,西贝大战罗永浩，结果导致品牌自爆。大伙儿关心的真实预制菜吗？,bilibili:14046072,Mikoyan21,一桌菜只有客人是现宰的[大哭],一桌菜只有客人是现宰的[大哭],2025-09-14T16:25:10+08:00,10287,,
2,bilibili_comment:276018838736,comment,bilibili_video:115198320972353,西贝大战罗永浩，结果导致品牌自爆。大伙儿关心的真实预制菜吗？,bilibili:16569302,弃庸乎,一岁的儿童吃着两岁的西兰花[笑哭][笑哭],一岁的儿童吃着两岁的西兰花[笑哭][笑哭],2025-09-14T12:22:55+08:00,5203,,
3,bilibili_comment:275967598656,comment,bilibili_video:115191777923213,从西门子冰箱到西贝预制菜，罗永浩的“较真”从未缺席家人们！今天必须聊聊罗永浩，当年他怒砸西门子冰箱，为消费者维权，那场面太震撼了！,bilibili:386799140,嗨皮要天天嗨皮,西门子冰箱，西贝事件都说明，这个世界需要一些勇敢的较真的人,西门子冰箱，西贝事件都说明，这个世界需要一些勇敢的较真的人,2025-09-13T22:12:52+08:00,4525,,
4,bilibili_comment:276070311792,comment,bilibili_video:115198320972353,西贝大战罗永浩，结果导致品牌自爆。大伙儿关心的真实预制菜吗？,bilibili:362166833,清风夏天鸣蝉,哈哈哈哈,哈哈哈哈,2025-09-14T21:23:25+08:00,3880,,
5,bilibili_comment:274616833537,comment,bilibili_video:115198320972353,西贝大战罗永浩，结果导致品牌自爆。大伙儿关心的真实预制菜吗？,bilibili:2800590,cheefay,我算是西贝的常客，本来一开始并不是很关注，但是直播截图看到转基因大豆油我就绷不住了。姑且不讨论转基因是否对健康有害，这个油它便宜啊。西贝随便人均消费100+，结果就用这40/50一桶的转基因大豆油？？？,我算是西贝的常客，本来一开始并不是很关注，但是直播截图看到转基因大豆油我就绷不住了。姑且不讨论转基因是否对健康有害，这个油它便宜啊。西贝随便人均消费100+，结果就用这40/50一桶的转基因大豆油？？？,2025-09-14T11:34:56+08:00,3547,,
6,bilibili_comment:275863926992,comment,bilibili_video:115191660484682,罗永浩手撕西贝直播全程【29分钟纯享版】,bilibili:21895343,穿趿拉板吃涮锅子,这件事，只要是吃饭馆的，吃外面点餐的，都应该支持老罗。正常人类，理解现做的饭菜，就是我下单后，餐馆把生鲜食材，通过自己厨房餐具完全做熟，端到食客面前。中间不存在半熟，冷冻数月以上的食材，和反复热制的食材。同时我们都应该支持老罗，呼吁推动预制...,这件事，只要是吃饭馆的，吃外面点餐的，都应该支持老罗。正常人类，理解现做的饭菜，就是我下单后，餐馆把生鲜食材，通过自己厨房餐具完全做熟，端到食客面前。中间不存在半熟，冷冻数月以上的食材，和反复热制的食材。同时我们都应该支持老罗，呼吁推动预制菜国标早日出台，并且食客有对预制菜的完全知情权。,2025-09-12T22:48:24+08:00,3297,,
7,bilibili_comment:274471553313,comment,bilibili_video:115191660484682,罗永浩手撕西贝直播全程【29分钟纯享版】,bilibili:4192759,飘酱_,主要是西贝太贵了[doge]你看有人骂萨莉亚吗,主要是西贝太贵了[doge]你看有人骂萨莉亚吗,2025-09-12T22:29:19+08:00,3209,,
8,bilibili_comment:274633406769,comment,bilibili_video:115198320972353,西贝大战罗永浩，结果导致品牌自爆。大伙儿关心的真实预制菜吗？,bilibili:40853970,演员熊凤山,兄弟们 我昨天去了哈哈哈哈 43元的炒鸡蛋[笑哭],兄弟们 我昨天去了哈哈哈哈 43元的炒鸡蛋[笑哭],2025-09-14T14:26:39+08:00,2678,,
9,bilibili_comment:274617905569,comment,bilibili_video:115198320972353,西贝大战罗永浩，结果导致品牌自爆。大伙儿关心的真实预制菜吗？,bilibili:7644696,吧啦吧啦kimoji,[笑哭]当西贝厨房整了去年的羊腿的时候，什么预制菜定义权都不重要了,[笑哭]当西贝厨房整了去年的羊腿的时候，什么预制菜定义权都不重要了,2025-09-14T11:47:18+08:00,2521,,
10,bilibili_comment:275875231856,comment,bilibili_video:115191660484682,罗永浩手撕西贝直播全程【29分钟纯享版】,bilibili:8396203,怡红公子不懂爱,最可怜的是会有人说：谁一大早给你买那么多鱼来做菜啊[doge]，彻底绷不住了,最可怜的是会有人说：谁一大早给你买那么多鱼来做菜啊[doge]，彻底绷不住了,2025-09-13T00:53:24+08:00,2318,,
11,bilibili_comment:274549588065,comment,bilibili_video:115191777923213,从西门子冰箱到西贝预制菜，罗永浩的“较真”从未缺席家人们！今天必须聊聊罗永浩，当年他怒砸西门子冰箱，为消费者维权，那场面太震撼了！,bilibili:419175194,杉木橦,有一阵子确实出口的质量比国内的好 现在好像也是，出口的质量，材质都比国内的好[吃瓜],"有一阵子确实出口的质量比国内的好
现在好像也是，出口的质量，材质都比国内的好[吃瓜]",2025-09-13T18:29:28+08:00,2014,,
12,bilibili_comment:274614433969,comment,bilibili_video:115196525805764,罗永浩吐槽，西贝戗面馒头每个21元，黑珍珠一钻餐厅包子只要16元,bilibili:33709459,猪呆呆吃玉米,南京的大肉面。我宁愿多花两块换个大肉吃。,南京的大肉面。我宁愿多花两块换个大肉吃。,2025-09-14T11:09:33+08:00,1801,,
13,bilibili_comment:276002890448,comment,bilibili_video:115196525805764,罗永浩吐槽，西贝戗面馒头每个21元，黑珍珠一钻餐厅包子只要16元,bilibili:179911944,9mm空尖弹,感觉经常去西贝的人应该也会经常买星巴克和逛山姆,感觉经常去西贝的人应该也会经常买星巴克和逛山姆,2025-09-14T09:36:22+08:00,1643,,
14,bilibili_comment:276045532544,comment,bilibili_video:115198320972353,西贝大战罗永浩，结果导致品牌自爆。大伙儿关心的真实预制菜吗？,bilibili:261892524,大明瓦学弟朱祁镇,我这两年找到了一个判定餐厅是不是预制菜的方法，基本上不会出差错，预制菜由于已经做好是调不了口味的，一般菜你让他别放盐或者辣菜让他别放辣椒，他做不到那就是铁定预制菜没跑了。举个例子，我以前经常吃的一家店，有个菜是有洋葱和辣椒的，正好有一段时间...,我这两年找到了一个判定餐厅是不是预制菜的方法，基本上不会出差错，预制菜由于已经做好是调不了口味的，一般菜你让他别放盐或者辣菜让他别放辣椒，他做不到那就是铁定预制菜没跑了。举个例子，我以前经常吃的一家店，有个菜是有洋葱和辣椒的，正好有一段时间我忌口辛辣，让他们别放，结果他们做不到；而另一家经常吃的大排档，可以随意选择口味，咸点淡点或者去掉某些调料都可以，这种就是现炒菜,2025-09-14T17:10:32+08:00,1539,,
15,bilibili_comment:276014041568,reply,bilibili_video:115198320972353,西贝大战罗永浩，结果导致品牌自爆。大伙儿关心的真实预制菜吗？,bilibili:488404711,人生不是电视剧,40/50是我们买的价，可不是他们买的价[doge],40/50是我们买的价，可不是他们买的价[doge],2025-09-14T11:37:18+08:00,1456,bilibili_comment:274616833537,bilibili_comment:274616833537
16,bilibili_comment:275872394816,comment,bilibili_video:115191660484682,罗永浩手撕西贝直播全程【29分钟纯享版】,bilibili:24556340,鱼刺931,罗总天生做媒体的，手机算误入歧途了,罗总天生做媒体的，手机算误入歧途了,2025-09-13T00:17:28+08:00,1358,,
17,bilibili_comment:275864553072,comment,bilibili_video:115191660484682,罗永浩手撕西贝直播全程【29分钟纯享版】,bilibili:321667815,代号x该隐1,这公关团队直接砍掉算了，冷处理都比现在强。以罗永浩那个倔脾气，得收集一批证据和材料，然后用特有的语言逻辑获得大部分人的认同。 闹到现在这步，无论西贝输赢，都已经输了[笑哭],"这公关团队直接砍掉算了，冷处理都比现在强。以罗永浩那个倔脾气，得收集一批证据和材料，然后用特有的语言逻辑获得大部分人的认同。
闹到现在这步，无论西贝输赢，都已经输了[笑哭]",2025-09-12T22:55:07+08:00,1328,,
18,bilibili_comment:276033172384,reply,bilibili_video:115198320972353,西贝大战罗永浩，结果导致品牌自爆。大伙儿关心的真实预制菜吗？,bilibili:2984705,夢夢gtz,用的高档鸡蛋，一只鸡一生只产一枚蛋，是鸡妈妈的全部精华所在。,用的高档鸡蛋，一只鸡一生只产一枚蛋，是鸡妈妈的全部精华所在。,2025-09-14T14:47:44+08:00,1303,bilibili_comment:274633406769,bilibili_comment:274633406769
19,bilibili_comment:274472769745,comment,bilibili_video:115191660484682,罗永浩手撕西贝直播全程【29分钟纯享版】,bilibili:15904760,小能苗绝不投降,一眼望去全是冻货，一个餐馆甚至没有一点新鲜蔬菜[doge][doge][doge][doge],一眼望去全是冻货，一个餐馆甚至没有一点新鲜蔬菜[doge][doge][doge][doge],2025-09-12T22:42:04+08:00,1283,,
20,bilibili_comment:274473845969,comment,bilibili_video:115191660484682,罗永浩手撕西贝直播全程【29分钟纯享版】,bilibili:279661,JIUQIANSHUODAO,主要西贝那个价别说预制菜，就说直接现做也贵的离谱,主要西贝那个价别说预制菜，就说直接现做也贵的离谱,2025-09-12T22:51:02+08:00,1206,,
21,bilibili_comment:276055983728,reply,bilibili_video:115198320972353,西贝大战罗永浩，结果导致品牌自爆。大伙儿关心的真实预制菜吗？,bilibili:513524126,二愣子111,一桌菜只有客人是现宰的[藏狐],一桌菜只有客人是现宰的[藏狐],2025-09-14T19:00:44+08:00,1067,bilibili_comment:276018838736,bilibili_comment:276018838736
22,bilibili_comment:274705411425,reply,bilibili_video:115196525805764,罗永浩吐槽，西贝戗面馒头每个21元，黑珍珠一钻餐厅包子只要16元,bilibili:85634750,无物而真,感觉是你是既没去过山姆，也没买过星巴克，也没吃过西贝，这西贝和这几家的overlap应该不怎么大,感觉是你是既没去过山姆，也没买过星巴克，也没吃过西贝，这西贝和这几家的overlap应该不怎么大,2025-09-15T09:32:41+08:00,967,bilibili_comment:276002890448,bilibili_comment:276002890448
23,bilibili_comment:275875327808,reply,bilibili_video:115191660484682,罗永浩手撕西贝直播全程【29分钟纯享版】,bilibili:37087045,皇后的头风,要挣钱还怕起一大早，干脆在家睡觉算了,要挣钱还怕起一大早，干脆在家睡觉算了,2025-09-13T00:54:39+08:00,939,bilibili_comment:275875231856,bilibili_comment:275875231856
24,bilibili_comment:276014706096,comment,bilibili_video:115198320972353,西贝大战罗永浩，结果导致品牌自爆。大伙儿关心的真实预制菜吗？,bilibili:88525105,鹿的洗碗人,我可以去西贝当厨师长吗[嗑瓜子],我可以去西贝当厨师长吗[嗑瓜子],2025-09-14T11:45:08+08:00,839,,
25,bilibili_comment:275874442320,comment,bilibili_video:115191660484682,罗永浩手撕西贝直播全程【29分钟纯享版】,bilibili:15350722,MISSC0622,我妈要是羊排在冰箱冻一年我不会说啥，要是我去餐馆吃你要这样给我拿我当啥？,我妈要是羊排在冰箱冻一年我不会说啥，要是我去餐馆吃你要这样给我拿我当啥？,2025-09-13T00:42:44+08:00,794,,
26,bilibili_comment:286555520673,comment,bilibili_video:115900413909566,【罗永浩西贝事件】每一步操作都精准地直接踩在爆点上！论餐饮王国贾老板的自我引爆！,bilibili:3242069,园外雪离人泪,每次热度过去了，没人追究了，贾老板就跳出来给自己一刀，说这事没完，那个年代，风口到了，猪都能起飞，这就是最好的证明,每次热度过去了，没人追究了，贾老板就跳出来给自己一刀，说这事没完，那个年代，风口到了，猪都能起飞，这就是最好的证明,2026-01-16T11:00:24+08:00,791,,
27,bilibili_comment:275863456048,comment,bilibili_video:115191660484682,罗永浩手撕西贝直播全程【29分钟纯享版】,bilibili:405069934,jonning的小号,什么都能洗，保质期24个月的西蓝花受累洗一下,什么都能洗，保质期24个月的西蓝花受累洗一下,2025-09-12T22:44:03+08:00,778,,
28,bilibili_comment:274790122849,comment,bilibili_video:115208706064466,罗永浩vs西贝事件 来龙去脉 一口气看完！！！,bilibili:1980887269,周运浩,在西贝旁边开一个东贝。西贝炒不了的菜我东贝炒，西贝煲不了的汤我东贝煲。一句话， 西贝做得了的菜我东贝要做，西贝做不了的菜我更要做。新鲜食材，当天现炒，这，就是——东贝,在西贝旁边开一个东贝。西贝炒不了的菜我东贝炒，西贝煲不了的汤我东贝煲。一句话， 西贝做得了的菜我东贝要做，西贝做不了的菜我更要做。新鲜食材，当天现炒，这，就是——东贝,2025-09-16T09:11:59+08:00,743,,
29,bilibili_comment:274623391985,comment,bilibili_video:115198320972353,西贝大战罗永浩，结果导致品牌自爆。大伙儿关心的真实预制菜吗？,bilibili:13327156,cvfgji,这是我能接受的预制菜，两个菜26.8[脱单doge]15分钟出餐，一人食友好,这是我能接受的预制菜，两个菜26.8[脱单doge]15分钟出餐，一人食友好,2025-09-14T12:39:57+08:00,738,,
30,bilibili_comment:276038706720,reply,bilibili_video:115198320972353,西贝大战罗永浩，结果导致品牌自爆。大伙儿关心的真实预制菜吗？,bilibili:28860133,红豆南国等你,不说当天，你头一天腌制的我也能接受。但是一年就离谱了。 只能说要么是他们这备货备了一年的量，要么是一年没有人吃羊腿。 总不能每次羊腿都是先用新来的吧。,"不说当天，你头一天腌制的我也能接受。但是一年就离谱了。
只能说要么是他们这备货备了一年的量，要么是一年没有人吃羊腿。
总不能每次羊腿都是先用新来的吧。",2025-09-14T15:53:48+08:00,731,bilibili_comment:274617905569,bilibili_comment:274617905569
31,bilibili_comment:275860410384,comment,bilibili_video:115191660484682,罗永浩手撕西贝直播全程【29分钟纯享版】,bilibili:37087045,皇后的头风,4:00正式开始传送门[坂本_佛系],4:00正式开始传送门[坂本_佛系],2025-09-12T22:14:29+08:00,729,,
32,bilibili_comment:274643876033,reply,bilibili_video:115198320972353,西贝大战罗永浩，结果导致品牌自爆。大伙儿关心的真实预制菜吗？,bilibili:101341678,晓夏暮殇,第一眼，43元的炒鸡也不贵啊，仔细一看，什么！鸡蛋！长见识了，老家的土鸡蛋都不敢这么贵,第一眼，43元的炒鸡也不贵啊，仔细一看，什么！鸡蛋！长见识了，老家的土鸡蛋都不敢这么贵,2025-09-14T16:35:06+08:00,697,bilibili_comment:274633406769,bilibili_comment:274633406769
33,bilibili_comment:274616656321,comment,bilibili_video:115198320972353,西贝大战罗永浩，结果导致品牌自爆。大伙儿关心的真实预制菜吗？,bilibili:2619996,小夜宇w,[doge]西贝打着有机零添加走健康母婴的路线，用预制菜添加剂临期产品。还当现炒的菜卖很贵就过分了,[doge]西贝打着有机零添加走健康母婴的路线，用预制菜添加剂临期产品。还当现炒的菜卖很贵就过分了,2025-09-14T11:32:54+08:00,694,,
34,bilibili_comment:275989793136,comment,bilibili_video:115197800941925,罗永浩PK西贝，全程55分钟脱口秀，【无删减】火力全开，直播回放太精彩,bilibili:14495805,清时CheersArt,一顿饭吃下来只有顾客是现宰的,一顿饭吃下来只有顾客是现宰的,2025-09-14T03:14:05+08:00,694,,
35,bilibili_comment:274533887233,comment,bilibili_video:115195083034113,西贝创始人贾国龙回应预制菜风波，我们是不一般的预制菜。,bilibili:4121086,黑_李子,他是不是觉得半成品很高级,他是不是觉得半成品很高级,2025-09-13T15:29:48+08:00,689,,
36,bilibili_comment:274700149617,comment,bilibili_video:115191777923213,从西门子冰箱到西贝预制菜，罗永浩的“较真”从未缺席家人们！今天必须聊聊罗永浩，当年他怒砸西门子冰箱，为消费者维权，那场面太震撼了！,bilibili:173244991,大方向是对的长长名字,罗老师，我要出这个，你该怎么防？,罗老师，我要出这个，你该怎么防？,2025-09-15T07:42:57+08:00,659,,
37,bilibili_comment:275951003312,comment,bilibili_video:115191777923213,从西门子冰箱到西贝预制菜，罗永浩的“较真”从未缺席家人们！今天必须聊聊罗永浩，当年他怒砸西门子冰箱，为消费者维权，那场面太震撼了！,bilibili:1467643346,橘柚橸,冰箱的密封条容易发霉什么毛病,冰箱的密封条容易发霉什么毛病,2025-09-13T19:35:30+08:00,639,,
38,bilibili_comment:275874272048,comment,bilibili_video:115191660484682,罗永浩手撕西贝直播全程【29分钟纯享版】,bilibili:26391649,欢喵爱吃鱼,其实西贝唯一正解，就是一开始认了这是预制菜。去反驳罗老师说不是预制菜，反而中了罗老师的圈套。 说实话罗老师说话是非常有水平的，结果罗老师直播开口就是，我不反对预制菜。 这一句话我一听我就知道西贝输麻了，首先给西贝直接定义为就是预制菜。其次我...,"其实西贝唯一正解，就是一开始认了这是预制菜。去反驳罗老师说不是预制菜，反而中了罗老师的圈套。
说实话罗老师说话是非常有水平的，结果罗老师直播开口就是，我不反对预制菜。
这一句话我一听我就知道西贝输麻了，首先给西贝直接定义为就是预制菜。其次我并不是锤你用预制菜，我不反对预制菜，要刚你的东西还在后头。
这一句话就直接打乱了西贝的节奏。罗老师这几天，一直都在收集西贝预制菜的证据。西贝一下午都在洗自己不是预制菜。结果罗老师这一句话就让西贝白忙活了。老罗这里有点声东击西的意思。
大家也看了，罗老师锤的重点并不是预制菜，而是你用预制菜的价格，比现炒还要贵。
然后你预制菜比现炒贵就算了，你还不承认你是用的预制菜。
而且西贝的关键用户群体还是小孩，现在大家都知道给小孩吃的是预制菜了。你让那些家长怎么想？目前国内的绝大部分人的认知里，预制菜就是等于不健康，不卫生又或是添加剂过多的食品。
一套组合拳下来，西贝这算是凉透了。在用预制菜，贵，食品安全，难吃，这4点里面，其实用预制菜，反而是最不重要的一点。只能说互联网这块，语言艺术这块，罗老师确实是顶尖，西贝死的一点都不冤。",2025-09-13T00:40:22+08:00,611,,
39,bilibili_comment:276024130080,comment,bilibili_video:115191777923213,从西门子冰箱到西贝预制菜，罗永浩的“较真”从未缺席家人们！今天必须聊聊罗永浩，当年他怒砸西门子冰箱，为消费者维权，那场面太震撼了！,bilibili:505860323,风云中的小怪兽,虽然我不喜欢老罗，但是有些事情人家说的确实没毛病!,虽然我不喜欢老罗，但是有些事情人家说的确实没毛病!,2025-09-14T13:11:55+08:00,600,,
40,bilibili_comment:274617963889,reply,bilibili_video:115198320972353,西贝大战罗永浩，结果导致品牌自爆。大伙儿关心的真实预制菜吗？,bilibili:32794463,一脚一个反思怪,不不不30多一桶,不不不30多一桶,2025-09-14T11:46:59+08:00,575,bilibili_comment:274616833537,bilibili_comment:274616833537
41,bilibili_comment:286542798993,comment,bilibili_video:115900413909566,【罗永浩西贝事件】每一步操作都精准地直接踩在爆点上！论餐饮王国贾老板的自我引爆！,bilibili:494471075,-该用户账号注销-,其实罗永浩的重点是下飞机，他解封限高了。你偏偏去惹他，哈哈。关键老贾到这会还没搞明白他和大众的对立从来不是什么预制菜和中央厨房预加工的问题，而是价值观的问题，大众从来不认同他们行业内制定的预制菜定义，更无法认同预制菜还是高端菜品的说法。,其实罗永浩的重点是下飞机，他解封限高了。你偏偏去惹他，哈哈。关键老贾到这会还没搞明白他和大众的对立从来不是什么预制菜和中央厨房预加工的问题，而是价值观的问题，大众从来不认同他们行业内制定的预制菜定义，更无法认同预制菜还是高端菜品的说法。,2026-01-16T06:41:59+08:00,573,,
42,bilibili_comment:275996199776,comment,bilibili_video:115197800941925,罗永浩PK西贝，全程55分钟脱口秀，【无删减】火力全开，直播回放太精彩,bilibili:1975211,IlIlIlIIllIIlIlI,不是说不能用预制菜，而是把预制菜卖得比现炒还贵，就像我去兰州拉面馆花20块点了份红烧牛肉面，结果给我上了一份康师傅红烧牛肉面，我说这不对吧，然后你们大厨拉我去后厨看包装袋说没过期，配料表完全符合国家标准,不是说不能用预制菜，而是把预制菜卖得比现炒还贵，就像我去兰州拉面馆花20块点了份红烧牛肉面，结果给我上了一份康师傅红烧牛肉面，我说这不对吧，然后你们大厨拉我去后厨看包装袋说没过期，配料表完全符合国家标准,2025-09-14T07:52:57+08:00,537,,
43,bilibili_comment:274478548337,reply,bilibili_video:115191660484682,罗永浩手撕西贝直播全程【29分钟纯享版】,bilibili:34641757,40656763,西贝在北京最开始的时候是单店形式。大铁锅炖鱼，现烤羊排，莜面什么的，原来的西贝叫西贝莜面村。也不便宜，但是品质还可以，作为家庭或者朋友聚餐还可以，算是个有点质感的餐厅。现在是快餐了，预制菜半预制中央厨房出品基本100％了。保留下来的只有上餐...,西贝在北京最开始的时候是单店形式。大铁锅炖鱼，现烤羊排，莜面什么的，原来的西贝叫西贝莜面村。也不便宜，但是品质还可以，作为家庭或者朋友聚餐还可以，算是个有点质感的餐厅。现在是快餐了，预制菜半预制中央厨房出品基本100％了。保留下来的只有上餐时间超过免单这个。唉就说自己是半预制快餐怎么了，吉野家真功夫面条不都差不多么,2025-09-12T23:42:40+08:00,527,bilibili_comment:275860410384,bilibili_comment:275860410384
44,bilibili_comment:276169810560,comment,bilibili_video:115196525805764,罗永浩吐槽，西贝戗面馒头每个21元，黑珍珠一钻餐厅包子只要16元,bilibili:386825429,黄辉冯师傅,我打算在西贝旁边开一个东贝。西贝炒不了的菜我东贝炒，西贝煲不了的汤我东贝煲。一句话， 西贝做得了的菜我东贝要做，西贝做不了的菜我更要做。新鲜食材，当天现炒，这，就是——东贝。[doge_金箍][doge_金箍][doge_金箍],我打算在西贝旁边开一个东贝。西贝炒不了的菜我东贝炒，西贝煲不了的汤我东贝煲。一句话， 西贝做得了的菜我东贝要做，西贝做不了的菜我更要做。新鲜食材，当天现炒，这，就是——东贝。[doge_金箍][doge_金箍][doge_金箍],2025-09-15T22:29:33+08:00,520,,
45,bilibili_comment:274622695761,comment,bilibili_video:115198320972353,西贝大战罗永浩，结果导致品牌自爆。大伙儿关心的真实预制菜吗？,bilibili:357773251,特立独醒的猫先森,鸡汤是这么现熬的[笑哭]我要笑死了～一份鸡汤山药豆腐汤卖43[doge],鸡汤是这么现熬的[笑哭]我要笑死了～一份鸡汤山药豆腐汤卖43[doge],2025-09-14T12:33:27+08:00,498,,
46,bilibili_comment:274618546017,reply,bilibili_video:115198320972353,西贝大战罗永浩，结果导致品牌自爆。大伙儿关心的真实预制菜吗？,bilibili:239832158,夜微凉人生忆,不行，因为没有油烟机，油烟出不去[笑哭],不行，因为没有油烟机，油烟出不去[笑哭],2025-09-14T11:53:09+08:00,476,bilibili_comment:276014706096,bilibili_comment:276014706096
47,bilibili_comment:275868105248,comment,bilibili_video:115191660484682,罗永浩手撕西贝直播全程【29分钟纯享版】,bilibili:346432948,agere23,有自如的那味了，想想都多少年了，看的有点热泪盈眶，想起青春了[笑哭],有自如的那味了，想想都多少年了，看的有点热泪盈眶，想起青春了[笑哭],2025-09-12T23:30:14+08:00,471,,
48,bilibili_comment:274473143361,reply,bilibili_video:115191660484682,罗永浩手撕西贝直播全程【29分钟纯享版】,bilibili:234574674,萌抽抽儿,去萨莉亚就是为了吃预制菜的,去萨莉亚就是为了吃预制菜的,2025-09-12T22:43:55+08:00,447,bilibili_comment:274471553313,bilibili_comment:274471553313
49,bilibili_comment:274485405233,reply,bilibili_video:115191660484682,罗永浩手撕西贝直播全程【29分钟纯享版】,bilibili:38514168,Kalataer,在广东，甚至有些大排档都有鱼池的，西贝的这个价格甚至不愿意早起去买鱼,在广东，甚至有些大排档都有鱼池的，西贝的这个价格甚至不愿意早起去买鱼,2025-09-13T01:09:29+08:00,445,bilibili_comment:275875231856,bilibili_comment:275875231856
50,bilibili_comment:275926238096,comment,bilibili_video:115195083034113,西贝创始人贾国龙回应预制菜风波，我们是不一般的预制菜。,bilibili:408436013,Mr-__,左右脑互搏,左右脑互搏,2025-09-13T15:15:02+08:00,435,,
51,bilibili_comment:286552166849,comment,bilibili_video:115900413909566,【罗永浩西贝事件】每一步操作都精准地直接踩在爆点上！论餐饮王国贾老板的自我引爆！,bilibili:68389788,休伯利安号战列巡航舰,五个人点十五个菜，难道不是因为菜量小吗？,五个人点十五个菜，难道不是因为菜量小吗？,2026-01-16T10:11:28+08:00,420,,
52,bilibili_comment:276217578704,comment,bilibili_video:115208706064466,罗永浩vs西贝事件 来龙去脉 一口气看完！！！,bilibili:8378946,WzZP,神人老板，预制菜就预制菜嘛，承认或者沉默就完事了，制作规范卫生的话又不是什么不能吃的东西，肯德基做了这么多年的预制菜，连土豆泥都是土豆粉调的，也没见怎样，他就非要怼。,神人老板，预制菜就预制菜嘛，承认或者沉默就完事了，制作规范卫生的话又不是什么不能吃的东西，肯德基做了这么多年的预制菜，连土豆泥都是土豆粉调的，也没见怎样，他就非要怼。,2025-09-16T13:41:35+08:00,404,,
53,bilibili_comment:274556246897,comment,bilibili_video:115191777923213,从西门子冰箱到西贝预制菜，罗永浩的“较真”从未缺席家人们！今天必须聊聊罗永浩，当年他怒砸西门子冰箱，为消费者维权，那场面太震撼了！,bilibili:90581079,我的艾达老婆,然而现在的冰箱大部分还没装闭门器,然而现在的冰箱大部分还没装闭门器,2025-09-13T19:33:03+08:00,401,,
54,bilibili_comment:274701064321,comment,bilibili_video:115196525805764,罗永浩吐槽，西贝戗面馒头每个21元，黑珍珠一钻餐厅包子只要16元,bilibili:164099874,叁石头,冶春的蟹黄汤包，20多一个，全是蟹黄跟蟹肉。厨师在后面现拆现包，全透明的窗户可看。他家也有速冻包子卖，但是跟堂食不是一个价格。,冶春的蟹黄汤包，20多一个，全是蟹黄跟蟹肉。厨师在后面现拆现包，全透明的窗户可看。他家也有速冻包子卖，但是跟堂食不是一个价格。,2025-09-15T08:05:55+08:00,397,,
55,bilibili_comment:276040961968,reply,bilibili_video:115198320972353,西贝大战罗永浩，结果导致品牌自爆。大伙儿关心的真实预制菜吗？,bilibili:235949,博丽灵梦X,甚至羊腿做出来以后卖不完还会隔夜继续卖，隔夜和新鲜俩字我感觉差距有亿点点大[妙啊],甚至羊腿做出来以后卖不完还会隔夜继续卖，隔夜和新鲜俩字我感觉差距有亿点点大[妙啊],2025-09-14T16:18:55+08:00,387,bilibili_comment:274617905569,bilibili_comment:274617905569
56,bilibili_comment:276085428496,comment,bilibili_video:115196525805764,罗永浩吐槽，西贝戗面馒头每个21元，黑珍珠一钻餐厅包子只要16元,bilibili:19412032,鸣谦s,其实我一直想不明白一个问题，既然都骂西贝又贵又难吃，那到底是谁在去吃西贝？这玩意也不是那种偏商务的饭店啊,其实我一直想不明白一个问题，既然都骂西贝又贵又难吃，那到底是谁在去吃西贝？这玩意也不是那种偏商务的饭店啊,2025-09-14T23:59:11+08:00,380,,
57,bilibili_comment:274585504529,comment,bilibili_video:115196525805764,罗永浩吐槽，西贝戗面馒头每个21元，黑珍珠一钻餐厅包子只要16元,bilibili:233587785,_旧青年,今天刚吃的米其林，八个生煎22块[doge],今天刚吃的米其林，八个生煎22块[doge],2025-09-14T00:24:11+08:00,378,,
58,bilibili_comment:274649097281,comment,bilibili_video:115198320972353,西贝大战罗永浩，结果导致品牌自爆。大伙儿关心的真实预制菜吗？,bilibili:2151196,尼奥特里斯里德,西贝在自救跟自证之间选择了自杀[笑哭],西贝在自救跟自证之间选择了自杀[笑哭],2025-09-14T17:35:22+08:00,369,,
59,bilibili_comment:275912427568,comment,bilibili_video:115195083034113,西贝创始人贾国龙回应预制菜风波，我们是不一般的预制菜。,bilibili:304111943,未定之两,什么没预制菜，他家就是预制菜的鼻祖,什么没预制菜，他家就是预制菜的鼻祖,2025-09-13T12:42:34+08:00,354,,
60,bilibili_comment:275976368000,comment,bilibili_video:115195083034113,西贝创始人贾国龙回应预制菜风波，我们是不一般的预制菜。,bilibili:415386941,一人天上飞,贾国龙对预制菜的理解是：把包装打开直接吃就是预制菜。把包装打开加热后摆盘再吃，则不是预制菜。[doge],贾国龙对预制菜的理解是：把包装打开直接吃就是预制菜。把包装打开加热后摆盘再吃，则不是预制菜。[doge],2025-09-13T23:35:19+08:00,354,,
61,bilibili_comment:275864619904,reply,bilibili_video:115191660484682,罗永浩手撕西贝直播全程【29分钟纯享版】,bilibili:37087045,皇后的头风,罗永浩专门克姓西的，早期不是炮轰过西门子,罗永浩专门克姓西的，早期不是炮轰过西门子,2025-09-12T22:56:12+08:00,346,bilibili_comment:275864553072,bilibili_comment:275864553072
62,bilibili_comment:274823435089,comment,bilibili_video:115208706064466,罗永浩vs西贝事件 来龙去脉 一口气看完！！！,bilibili:250096352,finallyfun,问题不在预制菜上，而是卖预制菜不明说，还这么贵，口味又不好，萨莉亚也是明摆着的预制菜，但是性价比高口味又不错,问题不在预制菜上，而是卖预制菜不明说，还这么贵，口味又不好，萨莉亚也是明摆着的预制菜，但是性价比高口味又不错,2025-09-16T17:22:38+08:00,339,,
63,bilibili_comment:276104678256,reply,bilibili_video:115196525805764,罗永浩吐槽，西贝戗面馒头每个21元，黑珍珠一钻餐厅包子只要16元,bilibili:478794937,银河集市,专攻儿童的，广告词都是“家有宝贝，就吃西贝”还给小孩整小气球啥的，小孩喜欢爸妈也没办法,专攻儿童的，广告词都是“家有宝贝，就吃西贝”还给小孩整小气球啥的，小孩喜欢爸妈也没办法,2025-09-15T08:51:44+08:00,329,bilibili_comment:276085428496,bilibili_comment:276085428496
64,bilibili_comment:274617097009,comment,bilibili_video:115198320972353,西贝大战罗永浩，结果导致品牌自爆。大伙儿关心的真实预制菜吗？,bilibili:209499579,尾张大傻瓜织田信长,我印象里，当年推广预制菜的时候西贝就是典型来着,我印象里，当年推广预制菜的时候西贝就是典型来着,2025-09-14T11:38:03+08:00,294,,
65,bilibili_comment:286639107825,comment,bilibili_video:115900413909566,【罗永浩西贝事件】每一步操作都精准地直接踩在爆点上！论餐饮王国贾老板的自我引爆！,bilibili:149045078,落车six,如果老贾他不张嘴，什么事都没有,如果老贾他不张嘴，什么事都没有,2026-01-17T03:20:25+08:00,288,,
66,bilibili_comment:274567197825,reply,bilibili_video:115191777923213,从西门子冰箱到西贝预制菜，罗永浩的“较真”从未缺席家人们！今天必须聊聊罗永浩，当年他怒砸西门子冰箱，为消费者维权，那场面太震撼了！,bilibili:449716778,月色慢递员,您好！冰箱密封条（也叫门封条）发霉是一个非常普遍但令人头疼的问题。这通常不是“毛病”，而是一个由环境因素和使用习惯共同导致的现象。,您好！冰箱密封条（也叫门封条）发霉是一个非常普遍但令人头疼的问题。这通常不是“毛病”，而是一个由环境因素和使用习惯共同导致的现象。,2025-09-13T21:22:19+08:00,278,bilibili_comment:275951003312,bilibili_comment:275951003312
67,bilibili_comment:274645591361,reply,bilibili_video:115198320972353,西贝大战罗永浩，结果导致品牌自爆。大伙儿关心的真实预制菜吗？,bilibili:47265481,思无鸡蛋,你这俩菜都不够人贾老板家一盘炒鸡蛋的,你这俩菜都不够人贾老板家一盘炒鸡蛋的,2025-09-14T16:57:09+08:00,274,bilibili_comment:274623391985,bilibili_comment:274623391985
68,bilibili_comment:275875733744,comment,bilibili_video:115191693968861,罗永浩9月12日西贝门事件直播全程,bilibili:530050303,熊爸老张,儿童餐比儿童年龄大……[笑哭],儿童餐比儿童年龄大……[笑哭],2025-09-13T01:00:40+08:00,258,,
69,bilibili_comment:274643430497,reply,bilibili_video:115198320972353,西贝大战罗永浩，结果导致品牌自爆。大伙儿关心的真实预制菜吗？,bilibili:449740254,假装是少年rst,莫名被内涵到。,莫名被内涵到。,2025-09-14T16:30:16+08:00,253,bilibili_comment:274643018097,bilibili_comment:274643018097
70,bilibili_comment:286571251041,comment,bilibili_video:115900413909566,【罗永浩西贝事件】每一步操作都精准地直接踩在爆点上！论餐饮王国贾老板的自我引爆！,bilibili:17545884,ray21121,公关仙人贾国龙，每次西贝这个事儿风刚要过去，他就跳出来再点一把火[doge],公关仙人贾国龙，每次西贝这个事儿风刚要过去，他就跳出来再点一把火[doge],2026-01-16T14:07:34+08:00,251,,
71,bilibili_comment:275979066544,comment,bilibili_video:115197800941925,罗永浩PK西贝，全程55分钟脱口秀，【无删减】火力全开，直播回放太精彩,bilibili:1080796002,罗辑心理,罗永浩随口说西贝是预制菜，没想到西贝骂骂咧咧邀请全国媒体开直播证明罗永浩是对的[捂脸][捂脸][捂脸],罗永浩随口说西贝是预制菜，没想到西贝骂骂咧咧邀请全国媒体开直播证明罗永浩是对的[捂脸][捂脸][捂脸],2025-09-14T00:03:44+08:00,245,,
72,bilibili_comment:288778525664,comment,bilibili_video:115900413909566,【罗永浩西贝事件】每一步操作都精准地直接踩在爆点上！论餐饮王国贾老板的自我引爆！,bilibili:509046121,我在银河烤翅膀,最无语的是西贝老板没明白，顾客们不想只是什么叫真正的预制菜，或者预制菜的定义是什么。顾客只有一个诉求，我花这么多钱就是想吃现炒菜[笑哭]，你扯一大堆预制菜的定义说自己不是预制菜没用啊，你也不是现炒啊[doge_金箍],最无语的是西贝老板没明白，顾客们不想只是什么叫真正的预制菜，或者预制菜的定义是什么。顾客只有一个诉求，我花这么多钱就是想吃现炒菜[笑哭]，你扯一大堆预制菜的定义说自己不是预制菜没用啊，你也不是现炒啊[doge_金箍],2026-01-17T13:05:41+08:00,241,,
73,bilibili_comment:275961144592,comment,bilibili_video:115195083034113,西贝创始人贾国龙回应预制菜风波，我们是不一般的预制菜。,bilibili:21921544,与娄葑门,“贾老板”开的“西贝店”  人家名字都那么直白的摆在那了[笑哭],“贾老板”开的“西贝店”  人家名字都那么直白的摆在那了[笑哭],2025-09-13T21:12:12+08:00,237,,
74,bilibili_comment:276059067072,reply,bilibili_video:115198320972353,西贝大战罗永浩，结果导致品牌自爆。大伙儿关心的真实预制菜吗？,bilibili:313093112,排雷用二哈,你这个保质期才4天，和西贝比起来根本就和现做没区别[吃瓜],你这个保质期才4天，和西贝比起来根本就和现做没区别[吃瓜],2025-09-14T19:32:05+08:00,229,bilibili_comment:274623391985,bilibili_comment:274623391985
75,bilibili_comment:276177613664,comment,bilibili_video:115208706064466,罗永浩vs西贝事件 来龙去脉 一口气看完！！！,bilibili:31637138,hhgrdv,预制菜没问题，价格别高就没事，你又是高价格又是预制菜那就是让人恶心了,预制菜没问题，价格别高就没事，你又是高价格又是预制菜那就是让人恶心了,2025-09-15T23:55:00+08:00,225,,
76,bilibili_comment:274818225249,comment,bilibili_video:115212816485947,罗永浩：我真没打，他就先捅了自己20多刀...我该怎么办？,bilibili:3546967068117356,账号已注销,老贾是个狠人，把自己脖子抹了 也要呲你一身血……[捂脸],老贾是个狠人，把自己脖子抹了 也要呲你一身血……[捂脸],2025-09-16T16:08:48+08:00,224,,
77,bilibili_comment:276060889024,comment,bilibili_video:115191777923213,从西门子冰箱到西贝预制菜，罗永浩的“较真”从未缺席家人们！今天必须聊聊罗永浩，当年他怒砸西门子冰箱，为消费者维权，那场面太震撼了！,bilibili:355216323,念旧的猜哥,我们普通人需要感谢老罗这样的人，普通人生活中遇到商品问题绝大多数情况下都是忍受着，人微言轻的，在中国维权是很难的，老罗让人佩服的就是他不是收钱办事的那种，遇到问题不吐不快，不管你是谁，就事论事，只针对商品和服务问题，不针对个人,我们普通人需要感谢老罗这样的人，普通人生活中遇到商品问题绝大多数情况下都是忍受着，人微言轻的，在中国维权是很难的，老罗让人佩服的就是他不是收钱办事的那种，遇到问题不吐不快，不管你是谁，就事论事，只针对商品和服务问题，不针对个人,2025-09-14T19:49:35+08:00,224,,
78,bilibili_comment:274705446113,reply,bilibili_video:115196525805764,罗永浩吐槽，西贝戗面馒头每个21元，黑珍珠一钻餐厅包子只要16元,bilibili:3285654,Byuuu,山姆和另外两个不一样[doge_金箍]，有的东西是真便宜,山姆和另外两个不一样[doge_金箍]，有的东西是真便宜,2025-09-15T09:33:05+08:00,220,bilibili_comment:276002890448,bilibili_comment:276002890448
79,bilibili_comment:274804490689,comment,bilibili_video:115208706064466,罗永浩vs西贝事件 来龙去脉 一口气看完！！！,bilibili:450664995,珠海的科学R,总结一下： 支持西贝的有吉祥馄饨、巴奴毛肚火锅、霸蛮牛肉粉、叮叮懒人菜、鲜啤30公里、半山腰云南菜、夏日玛莉、喜舍武汉江滩印象、董克平的相关推荐、百合花工程认证餐馆、华与华营销公司相关餐馆、广东餐饮服务协会相关餐馆、柴大官人柴园相关餐馆（胖...,"总结一下：
支持西贝的有吉祥馄饨、巴奴毛肚火锅、霸蛮牛肉粉、叮叮懒人菜、鲜啤30公里、半山腰云南菜、夏日玛莉、喜舍武汉江滩印象、董克平的相关推荐、百合花工程认证餐馆、华与华营销公司相关餐馆、广东餐饮服务协会相关餐馆、柴大官人柴园相关餐馆（胖墩餐饮&九悦餐饮）、宝林哥相关推荐和餐馆、弘毅投资相关餐馆
B友们记得避坑！",2025-09-16T12:40:06+08:00,220,,
80,bilibili_comment:286610654641,comment,bilibili_video:115900413909566,【罗永浩西贝事件】每一步操作都精准地直接踩在爆点上！论餐饮王国贾老板的自我引爆！,bilibili:3493088095897692,嗪嗪兽,中国的很多老板，过分相信自己的能力，认为企业的成功是自己打拼出来的，实际上也就那么回事，只不过时代的机遇让这些人赶上了而已,中国的很多老板，过分相信自己的能力，认为企业的成功是自己打拼出来的，实际上也就那么回事，只不过时代的机遇让这些人赶上了而已,2026-01-16T21:20:51+08:00,214,,
81,bilibili_comment:275860067008,reply,bilibili_video:115191660484682,罗永浩手撕西贝直播全程【29分钟纯享版】,bilibili:37087045,皇后的头风,问题麦麦也没西贝那么贵啊，一个馒头21块钱，人穷鬼套餐才14还有肉,问题麦麦也没西贝那么贵啊，一个馒头21块钱，人穷鬼套餐才14还有肉,2025-09-12T22:11:36+08:00,209,bilibili_comment:275859606896,bilibili_comment:275859606896
82,bilibili_comment:276201694736,comment,bilibili_video:115211222653264,罗永浩是怎么把西贝搞翻车的？,bilibili:552001224,ewks魔弹射手wisusna,如果西贝没出事我都不知道这个地方[笑哭],如果西贝没出事我都不知道这个地方[笑哭],2025-09-16T10:24:42+08:00,195,,
83,bilibili_comment:274560781489,reply,bilibili_video:115191777923213,从西门子冰箱到西贝预制菜，罗永浩的“较真”从未缺席家人们！今天必须聊聊罗永浩，当年他怒砸西门子冰箱，为消费者维权，那场面太震撼了！,bilibili:3493117837707388,叫我嘿嘿潇洒哥,出口转内销现在还是很多商家营销噱头。,出口转内销现在还是很多商家营销噱头。,2025-09-13T20:19:02+08:00,193,bilibili_comment:274549588065,bilibili_comment:274549588065
84,bilibili_comment:274480640785,comment,bilibili_video:115191693968861,罗永浩9月12日西贝门事件直播全程,bilibili:1059710596,YoSoyLing,这次真的要支持老罗，客观维权，否则以后我们每个人都将是消费陷阱的受害者。,这次真的要支持老罗，客观维权，否则以后我们每个人都将是消费陷阱的受害者。,2025-09-13T00:04:19+08:00,192,,
85,bilibili_comment:275878970688,reply,bilibili_video:115191660484682,罗永浩手撕西贝直播全程【29分钟纯享版】,bilibili:295053044,wujiang6188,我的锤子手机现在还留着，老罗当时一句话，操作系统绝对不会绑定乱七八糟的广告，这点他做到了！,我的锤子手机现在还留着，老罗当时一句话，操作系统绝对不会绑定乱七八糟的广告，这点他做到了！,2025-09-13T01:54:00+08:00,191,bilibili_comment:275872394816,bilibili_comment:275872394816
86,bilibili_comment:275930139552,comment,bilibili_video:115195083034113,西贝创始人贾国龙回应预制菜风波，我们是不一般的预制菜。,bilibili:4400315,霜之哀伤2014,一个馒头21块钱[吃瓜],一个馒头21块钱[吃瓜],2025-09-13T16:01:44+08:00,190,,
87,bilibili_comment:276100688336,comment,bilibili_video:115191777923213,从西门子冰箱到西贝预制菜，罗永浩的“较真”从未缺席家人们！今天必须聊聊罗永浩，当年他怒砸西门子冰箱，为消费者维权，那场面太震撼了！,bilibili:33026639,无九泪,我记得是当时西门子的冰箱全都有设计缺陷，磁条小角度吸不住，所以在国内售卖的欧洲同款中高端冰箱装了个闭门器强制把门拉上，而低端款就没有这个闭门器。 因为冰箱门开关其实是靠那一圈磁条的，除了商用或者多门冰箱怎么可能上闭门器呢，纯纯是多此一举。 ...,"我记得是当时西门子的冰箱全都有设计缺陷，磁条小角度吸不住，所以在国内售卖的欧洲同款中高端冰箱装了个闭门器强制把门拉上，而低端款就没有这个闭门器。
因为冰箱门开关其实是靠那一圈磁条的，除了商用或者多门冰箱怎么可能上闭门器呢，纯纯是多此一举。
当然没几年西门子的整个家电业务全部被出售给博世了。",2025-09-15T07:23:31+08:00,189,,
88,bilibili_comment:274669476337,reply,bilibili_video:115198320972353,西贝大战罗永浩，结果导致品牌自爆。大伙儿关心的真实预制菜吗？,bilibili:413065599,剑来__-_-,你这个结论很早就有了，不过很对,你这个结论很早就有了，不过很对,2025-09-14T21:10:53+08:00,187,bilibili_comment:276045532544,bilibili_comment:276045532544
89,bilibili_comment:275925642800,comment,bilibili_video:115191660484682,罗永浩手撕西贝直播全程【29分钟纯享版】,bilibili:30447204,Pika张点点,虽然卖相不如西北，但都是鲜活直接做的，一千多不香么[微笑]六个成年男人没吃完,虽然卖相不如西北，但都是鲜活直接做的，一千多不香么[微笑]六个成年男人没吃完,2025-09-13T15:07:13+08:00,186,,
90,bilibili_comment:276024185600,reply,bilibili_video:115196525805764,罗永浩吐槽，西贝戗面馒头每个21元，黑珍珠一钻餐厅包子只要16元,bilibili:63606708,拥有太晶飞的固拉多,WC，我家附近有这店我得隔三差五去一次,WC，我家附近有这店我得隔三差五去一次,2025-09-14T13:11:45+08:00,185,bilibili_comment:274614433969,bilibili_comment:274614433969
91,bilibili_comment:274698760529,reply,bilibili_video:115198320972353,西贝大战罗永浩，结果导致品牌自爆。大伙儿关心的真实预制菜吗？,bilibili:37959862,HJ980315,神金，害我笑出了猪叫一下,神金，害我笑出了猪叫一下,2025-09-15T06:59:05+08:00,184,bilibili_comment:276070311792,bilibili_comment:276070311792
92,bilibili_comment:274609730689,comment,bilibili_video:115197800941925,罗永浩PK西贝，全程55分钟脱口秀，【无删减】火力全开，直播回放太精彩,bilibili:380357453,蓝天和流云舌稳,儿童套餐的年龄比儿童还大，笑死[笑哭],儿童套餐的年龄比儿童还大，笑死[笑哭],2025-09-14T10:17:02+08:00,183,,
93,bilibili_comment:274712277585,reply,bilibili_video:115198320972353,西贝大战罗永浩，结果导致品牌自爆。大伙儿关心的真实预制菜吗？,bilibili:17385291,落单的小歪,让一岁的小孩吃两岁的西兰花，真是照顾的好啊[吃瓜],让一岁的小孩吃两岁的西兰花，真是照顾的好啊[吃瓜],2025-09-15T11:21:03+08:00,177,bilibili_comment:276104435584,bilibili_comment:276104435584
94,bilibili_comment:276332695600,comment,bilibili_video:115198320972353,西贝大战罗永浩，结果导致品牌自爆。大伙儿关心的真实预制菜吗？,bilibili:83948907,月月好困呐,从来没听说过西贝的只有我一个吗？[笑哭][笑哭][笑哭],从来没听说过西贝的只有我一个吗？[笑哭][笑哭][笑哭],2025-09-17T16:32:09+08:00,173,,
95,bilibili_comment:275961649296,reply,bilibili_video:115191777923213,从西门子冰箱到西贝预制菜，罗永浩的“较真”从未缺席家人们！今天必须聊聊罗永浩，当年他怒砸西门子冰箱，为消费者维权，那场面太震撼了！,bilibili:299261802,飞翰_,有磁吸条，也够用了,有磁吸条，也够用了,2025-09-13T21:17:27+08:00,171,bilibili_comment:274556246897,bilibili_comment:274556246897
96,bilibili_comment:275866525808,reply,bilibili_video:115191660484682,罗永浩手撕西贝直播全程【29分钟纯享版】,bilibili:3546633465760441,bili_23200358239,估计是老板nt非要对线[笑哭][笑哭],估计是老板nt非要对线[笑哭][笑哭],2025-09-12T23:14:23+08:00,168,bilibili_comment:275864553072,bilibili_comment:275864553072
97,bilibili_comment:274475224849,reply,bilibili_video:115191660484682,罗永浩手撕西贝直播全程【29分钟纯享版】,bilibili:15534260,萨马兰奇怪,经过处理的食材储存时间变长甚至变很长是符合科技的，但是不符合我们的嘴和胃，而且还不符合我们的钱包就很过分,经过处理的食材储存时间变长甚至变很长是符合科技的，但是不符合我们的嘴和胃，而且还不符合我们的钱包就很过分,2025-09-12T23:05:41+08:00,166,bilibili_comment:275863456048,bilibili_comment:275863456048
98,bilibili_comment:274497321697,reply,bilibili_video:115191660484682,罗永浩手撕西贝直播全程【29分钟纯享版】,bilibili:351353693,帐号巳汪诮,在冰箱冻一年的肉，出了西贝，大家都管它叫僵尸肉,在冰箱冻一年的肉，出了西贝，大家都管它叫僵尸肉,2025-09-13T07:59:57+08:00,157,bilibili_comment:275874442320,bilibili_comment:275874442320
99,bilibili_comment:274501223553,comment,bilibili_video:115191660484682,罗永浩手撕西贝直播全程【29分钟纯享版】,bilibili:68199190,忽忽虎no2,b站真是一股清流啊，抖音快手上好多帮西贝洗的，在那偷换概念骂罗永浩，还说罗攻击西贝会让很多人失业！而且ip多是内蒙古的，好神奇啊！,b站真是一股清流啊，抖音快手上好多帮西贝洗的，在那偷换概念骂罗永浩，还说罗攻击西贝会让很多人失业！而且ip多是内蒙古的，好神奇啊！,2025-09-13T09:07:57+08:00,157,,
100,bilibili_comment:274632996561,reply,bilibili_video:115198320972353,西贝大战罗永浩，结果导致品牌自爆。大伙儿关心的真实预制菜吗？,bilibili:1722854,_催眠君_,笑喷了,笑喷了,2025-09-14T14:21:12+08:00,156,bilibili_comment:276018838736,bilibili_comment:276018838736
